domain,name,keywords,description,twitter
walmartstores.com,Wal-Mart Stores,"SEC filing,Walmart photos,walmart stock,sustainability index,Wal-Mart,walmart annual reports,Walmart responsibility,executive speeches,walmart suppliers,global responsibility,walmart global sustainability report,walmart investors,Walmart interactive map,walmart history,privacy policy,financial reports,walmart news,Wal Mart,walmart sustainability,Walmart locations,Walmart videos,walmart story,Walmart,Walmart stores,walmart board of directors,community giving,walmart careers,Walmart jobs,sam walton","Find Walmart executive speeches, financial reports, press releases, downloadable photos and videos, and see an interactive map of our locations around the world.",walmart
gm.com,General Motors,,"General Motors is home to Buick, Cadillac, GMC and Chevrolet. Find the latest news about GM automotive innovations, investor relations and more. ",GM
ge.com,General Electric,,,generalelectric
chevron.com,ChevronTexaco,"cvx, chevrontexaco, cheveron, chevron, texaco, caltex, chevron gas, chevron texaco, human energy, oil, petroleum, natural gas, energy company, energy, gasoline, petrol, service station, gas station, crude oil, energy companies, oil companies, hydrocarbon, ics2112, ics2112 project, scada, ics, ics2112.chevron.com","Chevron works to meet the world's growing demand for energy by exploring for oil and natural gas; refining and marketing gasoline; producing chemicals and geothermal power and more.",Chevron
philipmorris.com,Philip Morris,,"Philip Morris USA has been in operation since 1847. Since 1983, PM USA has been the largest cigarette manufacturer in the United States.",altrianews
aig.com,American International Group,,,AIGinsurance
aep.com,American Electric Power,,,AEPnews
boeing.com,Boeing,"Boeing, Boeing Company, BA, Airplanes, Aviation","Welcome to the official corporate site for the world's largest aerospace company and leading manufacturer of commercial jetliners and defense, space and security systems. Learn about our passion for innovation, our products, careers and more.",Boeing
elpaso.com,El Paso,,,Kinder_Morgan
homedepot.com,Home Depot,,"Shop online for all your home improvement needs: appliances, bathroom decorating ideas, kitchen remodeling, patio furniture, power tools, bbq grills, carpeting, lumber, concrete, lighting, ceiling fans and more at The Home Depot.",HomeDepot
jpmorganchase.com,J.P. Morgan Chase & Co.,,"JPMorgan Chase & Co. is a leading global financial services firm and one of the largest banking institutions in the United States , with operations worldwide.",jpmorgan
cardinal.com,Cardinal Health,,"Cardinal Health improves the cost-effectiveness of healthcare. We help focus on patient care while reducing costs, enhancing efficiency and improving quality.",cardinalhealth
merck.com,Merck,,,merck
statefarm.com,State Farm Insurance Cos.,"auto insurance, car insurance, insurance quote, online insurance quote, home owners insurance, renters insurance, home insurance, life insurance, health insurance","Insurance coverage from State Farm can help you protect the people and things you value most. Get auto insurance quotes, explore other coverage, and find an agent.",StateFarm
hp.com,Hewlett-Packard,"Official Hewlett-Packard Website, printers, desktops, laptops, servers, services, storage, enterprise solutions","Learn about HP printers, laptops, desktops, storage solutions, cloud solutions, servers, enterprise services, solutions and more at the Official HP® Website",HPNews
mckesson.com,McKesson,,,McKesson
ml.com,Merrill Lynch,"wealth management, merrill lynch wealth management, financial services",Merrill Lynch Wealth Management has the financial advisors and expertise to help you achieve your goals at any stage of your life or career.,MerrillLynch
albertsons.com,"Albertson's",,,albertsons
freddiemac.com,Freddie Mac,,,FreddieMac
jnj.com,Johnson & Johnson,"johnson & johnson, johnson and johnson, j&j, jnj, consumer products, health care company, healthcare company, healthcare products, health care products, medical devices, pharmaceuticals","J&J is a three-sector health care company based out of New Jersey.  Learn more about our innovations in consumer products, medical devices, and pharmaceuticals.",JNJNews
conoco.com,Conoco,"gas, gas stations, conoco, gas prices, gasoline","Your car hopes you will visit Conoco.com and learn more about our gas, and help you find Conoco Gas Stations near you with special promotions, sponsorships, and credit card offers.",conoco
pfizer.com,Pfizer,,,pfizer_news
jcpenney.net,J.C. Penney,"women's clothing, men's clothing, furniture, bedding, jewelry, kids, shoes","JCPenney – FREE shipping available at jcp.com! Discover great savings on furniture, window & home decor, men's and women's clothing, shoes & jewelry.",jcpenney
metlife.com,MetLife,,,metlife
gs.com,Goldman Sachs Group,,"The Goldman Sachs Group, Inc. is a leading global investment banking, securities and investment management firm that provides a wide range of financial services to a substantial and diversified client base.",GoldmanSachs
motorola.com,Motorola,"Smartphones, Moto X, Moto 360, Moto G, Moto E, Droid Turbo, Nexus 6","Motorola Mobility makes leading Android smartphones, smartwatches, and cell phone accessories. Shop Moto X, Moto 360, Droid Turbo and Nexus 6.",Motorola
allstate.com,Allstate,,"Get auto insurance quotes at Allstate.com. You're In Good Hands With Allstate. Allstate also offers insurance for your home, motorcycle, RV, as well as financial products such as permanent and term life insurance.",allstate
txu.com,TXU,,"We have the perfect Texas energy plan for your home or business. Check out our Texas electricity rates and plans, and see why TXU Energy is the #1 Texas power company.",txuenergy
utc.com,United Technologies,,"At UTC, we make modern life possible. ",UTC
dow.com,Dow Chemical,,,DowChemical
conagra.com,ConAgra,,,ConAgraFoods
pepsico.com,PepsiCo,,"The official site of PepsiCo, parent company of Pepsi, Frito-Lay, Tropicana, Gatorade, and Quaker.",pepsico
wellsfargo.com,Wells Fargo,"checking accounts, savings accounts, student loans, personal loans, investments, online banking, auto loans, home loans","Wells Fargo is a provider of banking, mortgage, investing, credit card, insurance, and consumer and commercial financial services.",wellsfargo
intel.com,Intel,Intel,Intel designs and builds the essential technologies that serve as the foundation for the world’s computing devices.,intel
delphiauto.com,Delphi,"automotive, powertrain, electrical architecture, electronic, safety, commercial vehicle, HVAC, infotainment, connection systems, body and security","Delphi is a leading global supplier of technologies for the automotive and commercial vehicle market, making vehicles smarter, safer, and efficient.",DelphiAuto
sprint.com,Sprint,"cell phones, mobile phones, wireless calling plans, tablets",Shop for cell phones & wireless calling plans from Sprint. Switch to Sprint today and find great deals on unlimited data plans for the whole family.,sprint
newyorklife.com,New York Life Insurance,"life insurance, annuities, long-term care insurance, whole, term, universal, life insurance quote, sales careers, new york life insurance company, largest mutual life insurance company in america","Life Insurance, Annuities, Long-Term Care Insurance, Mutual Funds Investments, and Financial Services from New York Life Insurance Company: The Company You Keep.",newyorklife
dupont.com,E.I. du Pont de Nemours,,"DuPont and its partners use science-driven innovation to nourish a growing population, build a secure energy future and make the world a safer place.",dupont_news
gp.com,Georgia-Pacific,"packaging, kraft, container board, paper, baby wipes, paper towels, bath tissue, toilet paper, napkins, disposable plates, disposable cups, disposable cutlery, fluff pulp, lumber, wallboard, plywood, oriented strand board, gypsum, soaps, wipers, dispensers","Georgia-Pacific, a subsidiary of Koch Industries, is headquartered in Atlanta and employs approximately 35,000 people at more than 200 facilities worldwide. Georgia-Pacific has businesses in the following areas: away from home, building and construction, cellulose, chemicals, consumer products, non-wovens, packaging, and paper.",georgiapacific
disney.com,Walt Disney,,"The official website for all things Disney: theme parks, resorts, movies, tv programs, characters, games, videos, music, shopping, and more!",disney
aetna.com,Aetna,,"Learn the benefits of joining Aetna for individuals and families and learn about the benefits for employers, healthcare providers, and insurance producers.",aetna
lockheedmartin.com,Lockheed Martin,lockheed martin,lockheed martin,lockheedmartin
bankone.com,Bank One Corp.,,"Chase Bank provides credit cards, mortgages, commercial banking, auto loans, investing & retirement planning, checking and business banking.",Chase
tiaa-cref.org,TIAA-CREF,"Financial Services, Financial well-being, Financial Products, Life Insurance Services",Our mission is clear: To help provide lifelong financial well-being for those we serve. View information on our product and service offerings today. ,tc_talks
phillips66.com,Phillips Petroleum,,,Phillips66Co
honeywell.com,Honeywell International,,,HoneywellNow
unitedhealthgroup.com,UnitedHealth Group,"UnitedHealth Group, UnitedHealth, health, care, services, benefits, health benefits, health services, company, costs, business, medical, financial, share, plan, UnitedHealthcare, Optum, percent, revenues, quarter, stock,  Featured News, Financials, News Releases , Products & Services",Our diversified health care company serves the markets for health benefits and services worldwide through our broad capabilities.,UnitedHealthGrp
viacom.com,Viacom,,,viacom
supervalu.com,Supervalu,,,supervaluPR
americanexpress.com,American Express,"american express, amex, credit cards, gift cards, credit card, charge cards, travel, rewards, business services, financial services, corporate cards, insurance, personal savings","American Express offers world-class Charge and Credit Cards, Gift Cards, Rewards, Travel, Personal Savings, Business Services, Insurance and more.",americanexpress
wachovia.com,Wachovia Corp.,"checking accounts, savings accounts, student loans, personal loans, investments, online banking, auto loans, home loans","Wells Fargo is a provider of banking, mortgage, investing, credit card, insurance, and consumer and commercial financial services.",wellsfargo
cisco.com,Cisco Systems,,Cisco (NASDAQ: CSCO) is the worldwide leader in IT that helps companies seize the opportunities of tomorrow by proving that amazing things can happen when you connect the previously unconnected.,share
cvs.com,CVS,"cvs, cvs pharmacy, online pharmacy, prescriptions, prescription drugs, cvs online pharmacy","CVS pharmacy delivers expert care, convenience and value. Visit the online pharmacy for prescriptions; shop online for wellness, beauty and more.",CVS_Extra
lowes.com,"Lowe's",,"Find quality appliances, paint, patio furniture, tools, flooring, hardware and more for all your home improvement needs at Lowe’s.",lowes
bms.com,Bristol-Myers Squibb,"Bristol-Myers Squibb is a global biopharmaceutical company whose mission is to discover, develop and deliver innovative medicines that help patients prevail over serious diseases.","Bristol-Myers Squibb is a global biopharmaceutical company whose mission is to discover, develop and deliver innovative medicines that help patients prevail over serious diseases.",BMSNEWS
eds.com,Electronic Data Systems,"services, services solutions, solutions by services",Find Technology Servicesand learn about HP services solutions .,HPNews
autonation.com,AutoNation,"AutoNation, Orlando, auto dealer, dealership, cars, trucks, SUVs, used car, new car, vehicle, luxury, financing, specials, auto repair, collision center","AutoNation Orlando car dealers, part of the largest U.S. retailer of new cars, trucks & SUVs, offers a vast inventory of new & used vehicles and superior service.",AutoNation
qwest.com,Qwest Communications,"CenturyLink, Qwest, official site, local provider, high speed internet, phone, mobile, tv services","At CenturyLink's official site, find a reliable local provider of high speed internet, phone and TV services to homes as well as large and small businesses. See services available and the latest offers. Qwest is now CenturyLink.",centurylink
massmutual.com,Mass. Mutual Life Insurance,MassMutual,"MassMutual offers life insurance, retirement plans, disability income insurance, long term care insurance and more. Contact us today.",massmutual
cigna.com,Cigna,"health insurance, health insurance plans, individual health insurance, health care, medicare, medical insurance, cigna health insurance","Cigna, a global health insurance service company, offers health, dental, supplemental insurance and Medicare plans to individuals, families and businesses.",cigna
sun.com,Sun Microsystems,,,oracle
hcahealthcare.com,HCA,,,hcahealthcare
raytheon.com,Raytheon,,"Operates four businesses. Technology and innovation leader specializing in defense, civil and cybersecurity markets throughout the world.",raytheon
xerox.com,Xerox,,"Business services, document management and workflow solutions to help businesses and governments work better.",Xerox
trw.com,TRW,,,ZF_TRW
abbott.com,Abbott Laboratories,"Abbott, nutritional products, medical, global health care, science, research","Learn more about Abbott, the global healthcare company that conducts innovative research and manufactures products for human health through every life stage.",abbottglobal
northwesternmutual.com,Northwestern Mutual,life insurance; financial services; investment management; disability insurance; long term care; retirement plan; investment services,"Northwestern Mutual can help you obtain financial security through life insurance, disability insurance, investment management and other financial services.",nm_news
publix.com,Publix Super Markets,,,publix
thehartford.com,Hartford Financial Services,,,TheHartford
exeloncorp.com,Exelon,,,exelon
nationwide.com,Nationwide,"car insurance, auto insurance, online auto insurance, auto insurance rates, car insurance quote",Start saving on car insurance today when you get a free online auto insurance quote or call (888)890-4630. Enjoy the ease of working with Nationwide for your auto insurance needs and our competitive auto insurance rates.,nationwide
xcelenergy.com,Xcel Energy,,,XcelEnergyMN
mcdonalds.com,"McDonald's","united states, angus, third pounders, happy meal, big mac, mcmuffin, ronald, food, franchise, hamburger, cheeseburger, quarter pounder, fry, fries, RMHC, ronald mcdonald house charities, stock, mcdonald's corporation, view menu, menu, see menu, full menu, meal bundles, Dollar Menu, Extra Value Meals, Happy Meals, Mighty Kids Meals, burgers, sandwiches, drinks, beverages, breakfast, salads, beverages, McCafe, desserts and shakes, desserts, shakes, food quality, food, quality, nutrition, See What We're Made Of, trends, innovation, jobs, careers","McDonald's in the USA: Food and nutrition info, franchise opportunities, job and career info, restaurant locations, promotional information, history, innovation and more.",mcdonalds
kimberly-clark.com,Kimberly-Clark,"Consumer Products, Personal Health Products, Health Care Products, Personal Care Products, Health and Personal Care, Commercial Tissue Products, Personal Care Hygiene, Professional Health Products, Consumer Health Products, Personal Care Brands, Consumer Tissue, Professional Health Care Products, essentials for a better life, CPG, consumer packaged  goods","Kimberly-Clark and its well-known global brands are an indispensable part of life for people in more than 150 countries. Every day, 1.3 billion people - nearly a quarter of the world's population - trust Kimberly-Clark brands and the solutions they provide to enhance their health, hygiene and well-being. With brands such as Kleenex, Scott, Huggies, Pull-Ups, Kotex and Depend, Kimberly-Clark holds No. 1 or No. 2 share positions in more than 80 countries.",KCCorp
maycompany.com,May Department Stores,,"Shop Lord and Taylor online for designer clothing, shoes, handbags & accessories for women, men and kids. Enjoy free shipping on $99 or more. Let’s Go Shopping!",lordandtaylor
goodyear.com,Goodyear Tire & Rubber,,"Easily find the right tires for your car, truck, SUV or van, locate a Goodyear tire retailer near you and view current offers and tire prices at the official Goodyear Tires website.",goodyearblimp
gap.com,Gap,,"There's more at Gap.com including Petites and Tall sizes, kids slim and husky sizes, and baby bedding. You'll also find your favorite T-shirts, jeans, shirts, outerwear and accessories. Gap has everything you need for the season",gap
northropgrumman.com,Northrop Grumman,"Northrop Grumman, Aerospace, Defense, Unmanned Systems, Cybersecurity, C4ISR, Logistics, Electronics, Value of Performance, Innovation, Careers, Military Aircraft, Space Systems Satellites, Radars","Northrop Grumman is a leading global security company providing innovative systems, products and solutions in unmanned systems, cybersecurity, C4ISR, and logistics and modernization to government and commercial customers worldwide.",northropgrumman
hess.com,Amerada Hess,"hess, hess corporation, petroleum, exploration oil, fracking, natural gas, oil and gas industry, energy company, hydrofracking, corporate social responsibility, petroleum drilling, global oil companies","Find out about Hess Corporation, a global company devoted to exploring oil, gas and energy solutions, and about investing on our official website.",hesscorporation
halliburton.com,Halliburton,,Halliburton offers a broad array of oilfield services and products to upstream oil and gas customers worldwide.,halliburton
deere.com,Deere,"john deere careers,special offers, citizenship, home products,golf equipment, john deer, john deere,john deere home page, john deere corporation, lawn tractor, workshop products,john deere credit, lawn mower, parts, government sales, johndeere, john deere dealer,tractor, johndeer, agriculture, industrial engines, investor, forestry equipment, john deere tractors, credit, equipment, construction equipment, engines, lawn tractors, lawn mowers, commercial products, tractors, johndeere.com, john deere news,ag, rental sales, john deere equipment, residential",John Deere Products & Services for USA Regional,johndeere
kodak.com,Eastman Kodak,Kodak;technology;commercial markets;consumer markets;digital printing;packaging;functional printing;imaging innovation;motion picture film,"Kodak is a technology company focused on imaging. We provide - directly and through partnerships - innovative hardware, software, consumables and services.",kodak
circuitcity.com,Circuit City Stores,"Electronics, Tablets, Phones, Office Supplies, Video Games, TigerDirect","The Best Deals on Electronics, Tablets, Phones, Office Supplies, Video Games and more at TigerDirect.com",tigerdirect
winn-dixie.com,Winn-Dixie Stores,"Florida Grocery Store, Mississippi Grocery Store, Alabama Grocery Store, Louisiana Grocery Store, Grocery Stores Near Me, Winn-Dixie, Winndixe, Winn Dixi","Founded in 1925, Winn-Dixie grocery stores proudly serve the local supermarket needs of Alabama, Florida, Georgia, Louisiana and Mississippi. Enjoy fresh produce, finest cuts of meats, award-winning bakery, a full-service pharmacy, along with all of your favorite Winn-Dixie Brands. ",winndixie
avnet.com,Avnet,"components,IT solutions","Avnet is one of the world’s largest global distributors of electronic components, computer and IT solutions, embedded technology and services.",Avnet
wellpoint.com,WellPoint Health Networks,,"Anthem, Inc. is working to transform health care with trusted and caring solutions.",AnthemInc
sunocoinc.com,Sunoco,"sunoco, sunoco inc, sunoco online","From top quality fuels, to fresh and delicious food and beverages, Sunoco has everything you need to stay on the go. Find a Sunoco gas station, APlus convenience store, or Ultra Service Center near you.",sunocoracing
textron.com,Textron,"Textron, TXT, Textron Inc., Textron Jobs, Bell, Bell Helicopter, Helicopters, SkyBOOKS, Skybooks, McTurbine, V-22 Osprey, AH-1Z, UH-1Y, 429, 407, 525 Relentless, 505 Jet Ranger X, Tiltrotor, Beechcraft, Hawker, Cessna, Cessna Aircraft Company, Aircraft, Airplanes, Textron Aviation, Planes, Jets, Business Jets, Citation, Sovereign, Mustang, CJ, XLS, M2, Latitude, Longitude, McCauley, Textron Systems, Avco, AAI, Overwatch, Textron Defense Systems, Military, Weapons, UAS, COMMANDO, simulation, Defense Contractors, Lycoming Engines, OPINICUS, Mechtronix, SYMTX, Aerosonde, Industrial, Kautex, Fuel Tanks, Fuel Systems, NGFS, CWC, Greenlee, Greenlee Utility, HD Electric, Sherman & Reilly, Construction, Electrical, Tools, Tempo, Fairmont, Klauke, Rothenberger, E-Z-GO, EZGO, MillenWorks, Bad Boy Buggies, Golf Cars, Golf Carts, Utility Vehicles, Trail Vehicles, Lawn Mowers, Cushman, Jacobsen, Eclipse, Dixie Chopper, Turf, Turf Care, Grounds keeping, Ransomes, Textron AirLand, Scorpion, ScorpionJet, Textron Financial, TFC, multi-industry, conglomerate, TRU, TRU Simulation + Training, TUG Technologies",,textron
edison.com,Edison International,,,edisonintl
up.com,Union Pacific,,"Union Pacific operates North America's premier railroad franchise, covering 23 states in the western two-thirds of the United States.",UnionPacific
wm.com,Waste Management,,"Waste Management partners with customers and communities to provide waste disposal and recycling solutions that create clean, renewable energy. Find out more. ",WasteManagement
officedepot.com,Office Depot,"Office Depot, OfficeMax, office supplies, office furniture, office products","Shop Office Depot and OfficeMax for low prices on office supplies, paper, ink, toner, technology and more. Office Depot and OfficeMax, now one company!",OfficeDepot
williams.com,Williams,,,williamsupdates
toysrus.com,Toys `R` Us,"toys, video games, games, dolls, action figures, toysrus, babiesrus, toys r us, babies r us","Toys""R""Us is the leading kids store for all toys, video games, dolls, action figures, learning games, building blocks and more. C'mon, Let's Play!",toysrus
staples.com,Staples,,"Shop Staples for office supplies, technology, printer ink, furniture, cleaning supplies, copy & print services, coffee and snacks and more. Staples Rewards® members get free shipping every day and up to 5% back in rewards, some exclusions apply.",staples
csc.com,Computer Sciences,"cloud computing, cyber security, big data, consulting, industry focused applications, consulting, systems integration, technology services, IT consulting, information technology, business process outsourcing, applications software, application hosting, web hosting services, government, financial services, BPM, Business Process Management, Cloud Computing Services, Credit Services, Customer Relationship Management, Enterprise Solutions, Finance Transformation, Hosting Services, Legal Solutions, Managed Network Services, Management Consulting, Outsourcing, Risk Management and Claims, Security, Service-Oriented Architecture, Supply Chain Management, Testing Services","CSC provides Next Generation IT Infrastructure Services, Cloud Computing, Cyber Security, Big Data, Consulting and Industry Focused Application solutions",CSC
dana.com,Dana,,,DanaHoldingCorp
whirlpoolcorp.com,Whirlpool,,,WhirlpoolCorp
humana.com,Humana,,,humana
southernco.com,Southern,,,southerncompany
marriott.com,Marriott International,"find a hotel, book a hotel",Browse and book hotel rooms that suit your needs and style and start your next adventure with Marriott.      ,MarriottIntl
mbna.com,MBNA,"MBNA, Personal Credit Cards, Apply Online","MBNA credit cards, with a choice of introductory balance transfers and card purchase rates to suit. Apply now for the personal MBNA credit card for you.",mbna
arrow.com,Arrow Electronics,,"Arrow.com is your resource for electronics components products, datasheets, reference designs and technology news. Explore Arrow.com today.
",ArrowGlobal
mmc.com,Marsh & McLennan,"professional services, consulting, employee health programs, health reform, insurance, retirement programs, reinsurance broking, management consulting, reinsurance, cyber risk, analytics, recruiting, strategy, human capital, infrastructure, investment, compensation, insurance broking, benefits, emerging markets, risk management, advisory services","A global professional services firm that brings together the unique capabilities of Marsh, Guy Carpenter, Mercer and the Oliver Wyman Group.",mmc_global
pseg.com,Public Service Enterprise Group,,,PSEGdelivers
schering-plough.com,Schering-Plough,,,merck
comcast.com,Comcast,,,XFINITY
aflac.com,AFLAC,,"Aflac provides supplemental insurance for individuals and groups to help pay benefits your major medical insurance doesn't cover.",aflac
heinz.com,H.J. Heinz,"HJ Heinz company, heinz, watties, plasmon, ketchup, ore-ida, oreida, ore ida, tomato seeds, wylers, classico, rosetto, ez squirt, Heinz news, press releases, media contacts, catsup, condiments, pickles, vinegar, beans, gluten, gluten free, heinz hitch, farley's, boston market, budget gourmet, guloso, 57 varieties, jobs, careers, relish, bagel bites, bagelbites, mustard, mayonnaise, barbecue sauce, salad dressing, salad cream, dill pickles, linda mccartney meals, potatoes, poppers, mr. yoshidas, jack daniels grilling sauce, kickrs, hienz, kick'rs, Heinz foods","Heinz is the most global U.S.-based food company, with a world-class portfolio of powerful brands holding number-one and number-two market positions in more than 50 countries.",KraftHeinzCo
colgate.com,Colgate-Palmolive,"oral care, oral health, dental health, toothbrushes, toothpaste, dental products, dental hygiene","Discover the Colgate Oral Care Center. The Oral Care Center provides information on dental health, oral health products, oral health guides, and much more.",colgate
limited.com,Limited,"dresses, dress, womens workwear, women apparel, womens apparel, fashion apparel, apparel for women, womens clothing apparel, sweaters, winter sweaters, womens sweaters, sweaters for women, suits, suiting, work suits, travel suits, womens suits, wear-to-work suits, work clothing for women, women's work separates, work separates for women, womens wear to work clothes, wear to work clothes for women, wear to work outfits for women, work pants for women, work clothes for women, wear to work seperates, workwear for women, women's workwear, su...pring clothing, spring clothing for women, spring clothes, spring trends, colorful clothing, colorful looks, colorful tops for women, colorful pants for women, color apparel for women, women's color, striped looks for women, vibrant color for women, tonal color, tonal oufits, bold outfits, bold clothing, clothing that pops, colors that pop in clothes, womens clothes that pop, womens outfits, outfits, trends, women fashion, fashion trends, latest fashion, latest trends, limited, the limited, limited stores","Shop THE LIMITED for women's clothing for every lifestyle and occasion. Shop women's dresses, skirts, suits, pants, shirts, jewelry, handbags and accessories.",thelimited
jhancock.com,John Hancock Financial Services,"life insurance, mutual fund, mutual funds, term life insurance, whole life insurance, 529 plans, 401k, financial services, retirement","John Hancock provides leading insurance and financial services products including life insurance, 401(k) plans, and mutual funds to meet the needs of today and tomorrow.",jhboston26
bnsf.com,Burlington Northern Santa Fe,,"BNSF operates one of the largest freight railroad networks in North America, with 32,500 miles of rail across the western two-thirds of the United States.",BNSFRailway
agilent.com,Agilent Technologies,,,agilent
fluor.com,Fluor,,,fluorcorp
stpaul.com,St. Paul Cos.,"auto insurance, car insurance, homeowners, renters, condo, flood, travelers, travelers companies, small business, medium business, large business, financial product insurance","Protect your personal and business investments with Travelers Insurance.  From auto insurance to homeowners or business insurance, we have the solution to suit your needs.",Travelers
principal.com,Principal Financial,"Principal Financial Group, Principal, retirement savings, individual retirement savings, consolidate retirement savings, rollovers, IRAs, 401(k)s, 403(b)s, life insurance, disability insurance, mutual funds, annuities","Browse individual IRAs, investments, and insurance coverage, roll over your retirement savings, or enroll in your company’s 401(k) or 403(b) plan.",ThePrincipal
ashland.com,Ashland,home,,ashlandinc
suntrust.com,SunTrust Banks,,,SunTrust
dillards.com,"Dillard's","Dillards.com, Dillard's Department Store, Dillards, Dilards, Womem's clothing, Children's clothing, Juniors clothing, Men's clothing, Accessories, Fragrances, Lingerie, Cookware, Bedding, Registries","Dillards.com: Shop designer dresses, shoes, clothing, handbags, cosmetics and beauty, bedding, lingerie, wedding registry items and more.",Dillards
masco.com,Masco,"builders materials, building solutions, building supplies, building supply, buildings materials, construction materials, construction supplies, industrial construction, materials for construction, new home constructions","Masco Corporation provides building supplies, construction materials, and contractor services for new home and industrial construction. Masco's variety of products and services include bathroom and kitchen cabinetry, plumbing supplies, home insulation,  and decorative architectual products.",MascoCareers
usairways.com,US Airways Group,"airline tickets, book flights online, airfares, deal, travel, fares, cheap, discount, American Airlines","American Airlines has airline tickets, cheap flights, vacation packages and American Airlines AAdvantage bonus mile offers at AA.com",americanair
genpt.com,Genuine Parts,,,napaknowhow
ti.com,Texas Instruments,"Texas Instruments, TI, analog, semiconductor, digital, signal processor, DSP, microcontroller, MCU, embedded, application, processing","TI is a global semiconductor design & manufacturing company. Innovate with 80,000+ analog ICs & embedded processors, software & largest sales/support staff.",txinstruments
ppg.com,PPG Industries,,,ppgindustries
csx.com,CSX,,,CSX
gillette.com,Gillette,"mens razors, mens razor","With cutting edge technology, Gillette's men’s razors are engineered for a precision shaving experience to get you comfortably smooth every time. ",gillette
sempra.com,Sempra Energy,,,sempraenergy
clearchannel.com,Clear Channel Communications,,,iheartmedia
dteenergy.com,DTE Energy,,,dte_energy
aramark.com,Aramark,"Food Service, Facility Management, Facilities Services, Uniform Services, Work Apparel, Aramark","Aramark provides food service, facilities and uniform services to hospitals, universities, school districts, stadiums and other businesses around the world. >",Aramark
baxter.com,Baxter International,,Welcome to Baxter. Learn how our groundbreaking medical products have saved and sustained lives for over 80 years,baxter_intl?WT.svl=www.baxter.com
chubb.com,Chubb,,,ChubbInsurance
kohls.com,"Kohl's",,"Enjoy free shipping and easy returns every day at Kohl's! Find great savings on clothing, shoes, toys, home décor, appliances and electronics for the whole family.","kohls')"
progressive.com,Progressive,"insurance, insurance quotes, insurance companies, online insurance quotes","Rated one of the best insurance companies, Progressive provides online insurance quotes for your car, home, motorcycle, boat and more. Get a quote today!",progressive
appliedmaterials.com,Applied Materials,,,applied_blog
eaton.com,Eaton,"electrical systems, power quality, distribution, control, hydraulics components, aersospace fuel, pneumatic systems, truck, automotive, drivetrain, powertrain systems","Diversified power management company and global technology leader in electrical systems for power quality, distribution and control; hydraulics components, systems and services for industrial and mobile equipment; aerospace fuel, hydraulics and pneumatic systems for commercial and military use; and truck and automotive drivetrain and powertrain systems for performance, fuel economy and safety.",eatoncorp
bankofny.com,Bank of New York Co.,"wealth management, investment management, investment services, asset management, bank of new york mellon,Alternative investment services, Asset servicing, Broker-dealer, Central securities depository, Collateral services, Corporate trust, Depositary receipts, Derivatives, Global markets, Liquidity services, Pershing clearing services, Treasury services, ForeSight, thought leadership, united states, buck",Welcome to BNY Mellon.,bnymellon
emc.com,EMC,,"Cloud computing and big data are EMC products and solutions that enable other businesses to store, manage, protect and analyze their data securely.",emccorp
generalmills.com,General Mills,"general,mills,u.s.,food,company,Brands,Baking,products,Cereals,Dough,Pastries,Fruit,Ice,Cream,Meals,Organic,natural,Pasta,Pizza,Snacks,Soup,Vegetables,Yogurt,responsibility,overview,sustainably,source,sustainability,ingredients,environment,sourcing,workplace,community,foundation,civic,hunger,nutrition,brands,partnerships,ethics,integrity,hunger,wellness,suppliers,oats,dairy,animal,welfare,energy,sourcing,wellness,cheerios,pillsbury,wheaties,fiber,one,green,giant,old,el,paso,annie's,should,taste,good,betty,crocker,haagen,dazs,nature, valley,","General Mills: A food company that pays dividends, located in Minneapolis, Minnesota, USA. ",generalmills
safeco.com,Safeco,,,SafecoInsurance
pnc.com,PNC Financial Services Group,,,pncbank
newellco.com,Newell Rubbermaid,,,nwlrubbermaid
omnicomgroup.com,Omnicom Group,Omnicom,"A global leader in marketing communications, Omnicom provides brand and advertising services to over 5,000 clients in over 100 countries.",omnicom
oneok.com,Oneok,,,ONEOK
avaya.com,Avaya,"Business Communications, Team Engagement, Customer Engagement, Business Communication Solutions",,avaya
unocal.com,Unocal,"cvx, chevrontexaco, cheveron, chevron, texaco, caltex, chevron gas, chevron texaco, human energy, oil, petroleum, natural gas, energy company, energy, gasoline, petrol, service station, gas station, crude oil, energy companies, oil companies, hydrocarbon, ics2112, ics2112 project, scada, ics, ics2112.chevron.com","Chevron works to meet the world's growing demand for energy by exploring for oil and natural gas; refining and marketing gasoline; producing chemicals and geothermal power and more.",Chevron
navistar.com,Navistar International,Navistar,Navistar - Navistar,navistar
centex.com,Centex,,,Centex_Homes
53.com,Fifth Third Bancorp,,"Discover how Fifth Third Bank can help you reach your dreams and financial goals with online banking for personal savings and checking accounts, and well as commercial banking accounts. Open your personal or business banking account today at Fifth Third Bank.",fifththird
firstdata.com,First Data,,Meet the complete family of First Data solutions that free you to focus on what you love.,FirstData
lfg.com,Lincoln National,,,lincolnfingroup
gannett.com,Gannett,,"Gannett Co., Inc",gannett
corning.com,Corning,,"Corning is one of the world’s leading innovators in materials science. For more than 160 years, Corning has applied its unparalleled expertise in specialty glass, ceramics, and optical physics to develop products that have transformed people’s lives.",corninggorilla
unitedauto.com,United Auto Group,,,penskesocial
nscorp.com,Norfolk Southern,,"Norfolk Southern Corporation is one of the nation’s premier transportation companies. Its Norfolk Southern Railway subsidiary operates 20,000 route miles in 22 states and the District of Columbia, serves every major container port in the eastern United States, and provides efficient connections to other rail carriers. Norfolk Southern operates the most extensive intermodal network in the East and is a major transporter of coal and industrial products.",nscorp
saic.com,Science Applications Intl.,,,SAICinc
lennar.com,Lennar,quality,"Everything’s Included by Lennar, the leading homebuilder of new homes for sale in the nation’s most desirable real estate markets.",share
unisys.com,Unisys,"Unisys, Cloud Solutions, High-End Servers, ClearPath, Forward! by Unisys, Application Services, Security Solutions, Unisys Stealth, Mobility, Service Management, IT Services, IT Outsourcing, Unisys Security Index",Unisys is a global information technology company that solves complex IT challenges at the intersection of modern and mission critical.,unisyscorp
avon.com,Avon Products,"Avon, Avon store, Avon online, Avon website, Avon, Avon.com","Shop Avon's top-rated beauty products online. Explore Avon's site full of your favorite products, including cosmetics, skin care, jewelry and fragrances.",avoninsider
ncr.com,NCR,,NCR runs the everyday transactions that make your life easier and create exceptional experiences that keep your customers coming back.,NCRCorporation
rohmhaas.com,Rohm & Haas,,,DowChemical
pplweb.com,PPL,,,PPLCorp
airproducts.com,Air Products & Chemicals,"Gases, industrial gases, specialty gases, welding gases, cutting gases, cryogenic equipment, non-cryogenic equipment, generators, gas mixtures, argon, carbon dioxide, helium, hydrogen, carbon monoxide, syngas, oxygen, nitrogen, Chemicals, alkyl and specialty amines, epoxy additives and resins, electronic chemicals, fluorination, polyurethane additives, polyurethane prepolymers and curatives, surfactants, adhesives, agchem, castable elastomers, custom/fine chemicals, environmental, graphic arts, nonwovens, paints and coatings, paper, pharmaceuticals","Serving customers in technology, energy, healthcare and industrial markets worldwide with a unique portfolio of products, services and solutions, providing atmospheric gases, process and specialty gases, performance materials and chemical intermediates.",AirProducts
statestreet.com,State Street Corp.,,,StateStreet
nordstrom.com,Nordstrom,nordstrom,"Free shipping. Free returns. All the time. Shop online for shoes, clothing, jewelry, dresses, makeup and more from top brands. Make returns in store or by mail.",nordstrom
medtronic.com,Medtronic,Medtronic,Medtronic has advanced its position as the world’s premier medical technology and services company. The company is the leader in 12 medical device categories.,Medtronic?cmpid=mdt_plc_2015_US_footer_nav_social_icon_mdtnews_twitter_link
eastman.com,Eastman Chemical,"Home, Eastman, Chemicals","Eastman is a global specialty chemical company that produces a broad range of advanced materials, additives and functional products, specialty chemicals, and fibers that are found in products people use every day.",EastmanChemCo
bakerhughes.com,Baker Hughes,,Home,BHInc
pulte.com,Pulte Homes,,,PulteHomes
dollargeneral.com,Dollar General,"dollar general, dollar store, dg, general store","Dollar General makes shopping for everyday needs simpler and hassle-free by offering a carefully edited assortment of the most popular brands at low everyday prices in small, convenient locations and online!",DollarGeneral
usanetwork.com,USA Networks,,,usa_network
schwab.com,Charles Schwab,"investing, online trading, investment services","A modern approach to investing is here. Charles Schwab offers a range of financial services and investments including stocks, bonds, ETFs, mutual funds & more.",charlesschwab
bjs.com,"BJ's Wholesale Club","BJ's Wholesale Club, , Electronics & Office, Furniture, Home, Outdoor, Sports & Fitness, Baby & Toys, Jewelry & Gifts, Health & Beauty, Grocery, ",,bjswholesale
praxair.com,Praxair,,"At Praxair, we are working together toward a single goal: making our planet more productive. ",intent
amfam.com,American Family Ins. Group,,,amfam
ryder.com,Ryder System,"Truck rental, Fleet management, truck fleet management, Supply chain solutions, Fleet management solutions","Ryder is the industry leader in truck rental, fleet and supply chain management solutions for businesses worldwide. See why you should ride with Ryder now!",RyderPR
cnf.com,CNF,,"Con-way is a leader in the transportation and logistics industry, offering LTL freight, full truckload, logistics and multimodal/intermodal services.",ConwayInc
barnesandnoble.com,Barnes & Noble,"Books, Movies and TV, DVD, Blu-ray, Music, Toys, Games, eBooks, NOOK, textbooks","Lower Prices on Millions of Books, Movies and TV Show DVDs and Blu-ray, Music, Toys, and Games. Shop online for eBooks, NOOK, and textbooks. FREE Shipping on $25 orders!",bnbuzz
autozone.com,AutoZone,"auto parts,car accessories,vehicle repair guides,store locator","AutoZone is the leading auto parts retailer. You'll always find the best car parts, great customer service and the right prices at AutoZone.",autozone
radioshackcorporation.com,RadioShack,,,radioshack
grainger.com,W.W. Grainger,,"Shop Grainger Industrial Supply for a huge selection of MRO supplies, industrial equipment and tools. Fast, convenient shipping on over 900,000 products. ",grainger
dole.com,Dole Food,,No One Knows More About Fruits & Vegetables,dolepackaged
itt.com,ITT Industries,,"ITT is a diversified leading manufacturer of highly engineered critical components and customized technology solutions for the energy, transportation and industrial markets.",ittcorp
kbhome.com,KB Home,"kb home, kb home builders, new homes, new home, kbhome, kb homes, kb home communities, kb home neighborhoods",KB Home designs houses for the way you live. Find energy efficient new homes for sale nationwide and learn from homeowners who share their stories.,kbhome
mcgraw-hill.com,McGraw-Hill,,,MHFI
officemax.com,OfficeMax,"Office Depot, OfficeMax, office supplies, office furniture, office products","Shop Office Depot and OfficeMax for low prices on office supplies, paper, ink, toner, technology and more. Office Depot and OfficeMax, now one company!",OfficeDepot
parkplace.com,Park Place Entertainment,,Park Place is the premier destination for new and pre-owned luxury vehicles and sports cars serving the Dallas-Fort Worth metroplex for over 20 years.,parkplacetexas
sierrapacific.com,Sierra Pacific Resources,,,NVEnergy
maytagcorp.com,Maytag,,,WhirlpoolCorp
ameren.com,Ameren,"Ameren, Ameren corporation, Ameren utility, home page, Ameren, Ameren",Welcome to the Ameren website.,AmerenCorp
drhorton.com,D.R. Horton,,"For over 30 years, D.R. Horton has consistently delivered top-quality new homes to homebuyers across the nation and maintained our commitment to excellence.",DRHorton
quantum.com,Quantum,"enterprise big data management, enterprise  data protection, enterprise data backup solutions, online data storage, bigdata, big data, enterprise data security, cloud backup services, tape backup, data protection, online data backup, big data companies, data deduplication, cloud file storage, virtualization",,QuantumCorp
administaff.com,Administaff,"insperity, hr outsourcing, business solutions","For nearly 30 years, Insperity has been an industry-leading HR services provider. With 57 offices in the U.S., we've helped over 100,000 businesses grow!",insperity
jabil.com,Jabil Circuit,,,jabil
mutualofomaha.com,Mutual of Omaha Insurance,"life insurance, life insurance company","Mutual of Omaha is a leading provider of life insurance, Medicare supplement insurance, disability insurance products and annuities. Visit today.",mutualofomaha
levistrauss.com,Levi Strauss,,Levi Strauss & Co,LeviStraussCo
kellyservices.com,Kelly Services,,,kellyservices
cooperindustries.com,Cooper Industries,"Cooper Industries, Oil and Gas, Oil & Gas, products, electrical manufacturing, electrical, manufacturing, solar, green, stimulus, b-Line, Bussmann, Crouse-Hinds, Lighting, Power Systems, Wiring Devices, Safety",,etn_electrical
ca.com,Computer Associates Intl.,"ca technologies, ca software, ca solutions, it management software",CA Technologies offers IT management software and solutions for all of your business needs.,CAInc
lexmark.com,Lexmark International,,"Lexmark creates enterprise software, hardware and services that remove the inefficiencies of information silos and disconnected processes, connecting people to the information they need at the moment they need it.",lexmark
cox.com,Cox Communications,"cox communications residential, cox residential home, cox tech solutions, cox residential service, cox internet service, cox advanced TV, on demand, cox TV packages, cox tech solutions, cox home security","Cox provides TV, Internet, Digital Telephone, home security and tech solutions services for its residential customers. Get access to fastest digital life with Cox.",coxcomm
pathmark.com,Pathmark Stores,,,Pathmark
amgen.com,Amgen,,,amgen
mgmmirage.com,MGM Mirage,"mgm mirage, las vegas, hotels,  resorts, spa, entertainment, dining, players club","MGM Resorts International is a collection of resort-casinos, residential living and retail developments providing unsurpassed service and amenities to every guest.",MGMResortsIntl
dishnetwork.com,Echostar Communications,"satellite tv companies, satellite dish, satellite tv providers, dish satellite tv, best satellite tv provider","Watch Everything, Go Anywhere. Get a Free Hopper Upgrade! DISH is the #1 provider of quality satellite TV, featuring sports & all your favorite channels.",dish
meadwestvaco.com,MeadWestvaco,"packaging, paperboard, chemicals, healthcare, beauty, food, beverage, tobacco",MWV and RockTenn have come together to form WestRock.,WestRock
starwood.com,Starwood Hotels & Resorts,"starwood, starwood hotels, starwood resorts, book hotels, book hotels online","Exclusive offers. Lowest rates. Official site for Sheraton, Westin, Le Meridien, W Hotels, Luxury Collection, St. Regis, Four Points, aloft & element Hotels.",spg
cdw.com,CDW Computer Centers,"anti-virus, business computers, business software, business technology, business laptop, cables, cdw, cdw.com, CDW@work, computer, computer accessories, computer configuration, computer hardware, computer memory, computer service, computer technical services, computer technology services, computers, corporate computing products, desktop, desktops, desktop pcs, desktop pc, digital flow, handheld computer, handhelds, hard drives, information technology, input devices, kvm, lan products, laptop, laptops, laser printers, lcd projector, lcd projectors, macwarehouse, memory upgrades, microwarehouse, modems, monitor, monitors, network security, networking computers, notebook computers, pc, pcs, pda, power protection, printer, printer supplies, printers, projectors, scanners, server, servers, software licensing, technology products, telephony, toner, voip, wan products, wireless, wireless computing, wireless networking, workstations, www.cdw.com","The information technology products, expertise and service you need to make your business successful. Fast shipping, fast answers, the industry's largest in-stock inventories, custom configurations and more.",CDWCorp
york.com,York International,"York, HVAC, heating and cooling","York HVAC is an independent supplier of heating, ventilating, air conditioning and refrigeration ( HVAC&R ) equipment.",YorkHVAC
clorox.com,Clorox,,,intent
amd.com,Advanced Micro Devices,,"Advanced Micro Devices (NYSE: AMD) is an innovative technology company dedicated to collaborating with customers and partners to ignite the next generation of computing and graphics solutions at work, home, and play.",amd
steelcase.com,Steelcase,,"The leading manufacturer of furniture for offices, hospitals, and classrooms. Our furniture is inspired by innovative research in workspace design.",Steelcase
kiewit.com,"Peter Kiewit Sons'","Construction, Engineering and Mining Services","Construction, Engineering and Mining Services",kiewit
averydennison.com,Avery Dennison,"inspired brands, Avery Dennison, intelligent world","As a leader in global packaging trends, Avery Dennison provides industry leading consumer goods packaging creating cutting edge label industry trends to inspire brands.",AveryDennison
maxtor.com,Maxtor,"hard drives, hard drive, hard disk drives, hard disk drive, hard disks, harddrive, storage drive, external hard drive, enterprise drive, desktop drive, portable drive, portable drives, FireWire, USB, Serial ATA, SATA","Seagate is the company the world trusts to store our lives - our files and photos, our libraries and histories, our science and progress.",SEAGATE
energyeast.com,Energy East,,,IberdrolaUSA
firstam.com,First American Corp.,,"First American Financial Corporation provides comprehensive title insurance protection and professional settlement services for homebuyers and sellers, real estate agents and brokers, mortgage lenders, commercial property professionals, homebuilders and developers, title agencies and legal professionals to facilitate real estate purchases, construction, refinances or equity loans.",FirstAmNews
ball.com,Ball,,,ballcorpHQ
familydollar.com,Family Dollar Stores,"discount store, dollar store, family dollar","Shop at Family Dollar for everyday low prices. Browse our weekly ad online to get current deals and find one of our 8,000+  discount stores near you.",myfamilydollar
biglots.com,Big Lots,,"Find surprises in every aisle, every day at Big Lots! Get the name brands you love on everything from food to furniture, at low prices you won't believe.",biglots
coremark.com,Core-Mark International,,,CoreMarkHQ
shopko.com,Shopko Stores,Shopko,"Providing value and name brands in clothing, baby gear, kids toys, electronics, home furnishings, and more.  ",shopko
pse.com,Puget Energy,,,PSETalk
br-inc.com,Burlington Resources,"independent exploration and production company, crude oil, natural gas, global operations, ","We explore for, develop, and produce crude oil and natural gas globally committed to safety, operating excellence and environmental stewardship guide our operations.",conocophillips
usg.com,USG,null,,usgcorp
northerntrust.com,Northern Trust Corp.,,,NorthernTrust
aal.org,Aid Association for Lutherans," Financial Planning, Wealth Management, Financial Security, financial guidance", Thrivent Financial provides financial planning and wealth management solutions for Christians. Learn how we can help you make wise money choices. ,thrivent
oge.com,OGE Energy,,,OGandE
gevityhr.com,Staff Leasing,"HR services, HR solutions, HR business partner, HR company, HR outsourcing companies",Focus on your business not HR. TriNet provides HR solutions to businesses with exceptional human resources products and services.,trinet
pepsiamericas.com,PepsiAmericas,,"The official site of PepsiCo, parent company of Pepsi, Frito-Lay, Tropicana, Gatorade, and Quaker.",pepsico
anixter.com,Anixter International,,"Global distributor of communication and security products, electrical and electronic wire & cable.",anixter
chrobinson.com,C.H. Robinson Worldwide,,"C.H. Robinson is a leading global third party logistics (3PL) provider, offering multimodal supply chain, produce sourcing, and information services and executing strategic transportation solutions for shippers and contract carriers.",chrobinsoninc
kindredhealthcare.com,Kindred Healthcare,"Kindred Healthcare,Kindred,Post Acute Care,Post-Acute Care,Long Term Acute Care Hospitals,Long Term Healthcare,Nursing Rehabilitation,Nursing Centers","Kindred Healthcare is the largest diversified provider of post-acute care services in the United States.  We care for patients and residents in sites of service across the entire post-acute spectrum — long-term acute care hospitals, nursing and rehabilitation centers, inpatient rehab facilities, assisted living residences and home care and hospice.",kindredhealth
devonenergy.com,Devon Energy,,,DevonCareers
sealedair.com,Sealed Air,,,Sealed_Air
hilton.com,Hilton Hotels,"hotels,hotel reservations,hotel discount,leisure hotels,business hotels,www.hilton.com,Hilton Hotels & Resorts",Book hotels and resorts directly with Hilton to make your next business trip or vacation more relaxing and affordable.,hiltonsuggests
neimanmarcus.com,Neiman Marcus,"Michael Kors, Tory Burch, Burberry, Cole Haan, kate spade","Free Shipping & Free Returns at Neiman Marcus. Shop the latest styles from top designers including Michael Kors, Tory Burch, Burberry, Christian Louboutin, kate spade & more.",neimanmarcus
3com.com,3Com,"Networking, SDN applications, software defined network, cloud-managed network, campus networks, data center, wireless networking","Businesses Networking can run on a cloud-managed, software-defined network. Find the right HP Solution including SDN, Campus Networking and Data Center Network",HPNews
hrblock.com,H&R Block," hr block, h r block, hrblock, online tax filing, tax software, free tax filing, irs e-file, efile, tax refund, tax preparation, online taxes, free tax software, tax returns, free efile, e file, e-file, taxes oline, income tax software","H&R Block tax preparation guarantees you get the maximum tax refund. File your tax return online, with our tax software, or at one of our offices.",hrblock
reebok.com,Reebok International,,"The Official Reebok Online Store, exclusive footwear and apparel for CrossFit, Spartan Race, Les Mills, Running, and Training. Free shipping on qualified purchases and free returns.",Reebok
trigon.com,Trigon Healthcare,,,TrigonIT
paylessshoesource.com,Payless Shoesource," shoes, women's shoes, children's shoes, boy's shoes, girl's shoes, kid's shoes, men's shoes, shoes bogo, bogo, footwear, ladies shoes, discount shoes, cheap shoes Payless ShoeSource"," Official Payless ShoeSource Website. Shop online or find the nearest Payless store for women's, kids', men's shoes, boots, sandals, designer brands, accessories and more. Payless ShoeSource",paylessinsider
truserv.com,TruServ,,,truevalue
unitedrentals.com,United Rentals,,United Rentals provides 3300+ rental equipment & tool classes that serve industrial & construction sites from 880 locations in 49 states and 10 Canadian provinces,United_Rentals
uhsinc.com,Universal Health Services,,Home,uhs_inc
solutia.com,Solutia,"Solutia, acquisition",Solutia now a subsidiary of Eastman Chemical Company,EastmanChemCo
apachecorp.com,Apache,"Apache Corporation, APA, oil, condensate, natural gas, liquefied natural gas, compressed natural gas, LNG, CNG, Raymond Plank, Roger Plank, Rod Eichler, John Crum, Steve Farris, Apache Energy, Apache Energy Limited, Apache Egypt Companies, Apache Canada Ltd., Apache Energнa Argentina SRL, Apache North Sea Limited, Apache Corporation, Permian basin, Anadarko basin, Stiles Ranch, Granite wash horizontal drilling, multi frac, CNG refueling station, Gulf of Mexico, Neuquйn basin, Austral basin, Cuyo basin, Van Gogh oil project, Pyrenees, Devil Creek gas plant, Macedon, Wheatstone LNG, Forties Field, Horn River basin, enhanced oil recovery, coalbed methane, waterfloods, Salam gas plant, Khalda, Qarun, Northeast Abu Gharadig (NEAG), @Apache Newsletter, Explore Magazine, Arrows Newsletter, Make the world better, Apache Tree Grant Program, Apache Foundation, TEAM Apache, Fund for Teachers, Ucross, Springboard – Educating the future, Egypt girls’ schools, ","Apache Corporation is an oil and gas exploration and production company with operations in the United States, Canada, Egypt, the United Kingdom North Sea and Argentina.",ApacheCorp
aal.org,Lutheran Brotherhood," Financial Planning, Wealth Management, Financial Security, financial guidance", Thrivent Financial provides financial planning and wealth management solutions for Christians. Learn how we can help you make wise money choices. ,thrivent
spherion.com,Spherion,,We provide staffing & recruiting services and quality career information for businesses and individuals. Spherion is your resource for job search and career insights.,Spherion
hcr-manorcare.com,Manor Care,"Post-hospital care, Complex medical, intensive rehab, short & long-term stays, Skilled Nursing, Memory Care Community, Alzheimer, Dementia, Assisted Living, Namaste Programs, Engagement Therapy, Family Education, Alzheimer Support, Lewy Body Dementia, Frontotemporal, Vascular Dementia, Parkinson’s, Mild Cognitive Impairment","HCR ManorCare is a leading provider of short-term post-acute, long-term care, rehabilitation, memory care, assisted living, hospice and home health care.",HCR_ManorCare
polyone.com,PolyOne,,,PolyOne
starbucks.com,Starbucks,"Starbucks, Starbucks Coffee Company, Starbucks.com, Starbucks Corporation, Starbuck, SBUX, Seattle, Seattle’s Best, Seattle’s Best Coffee, SBC, Pike Place, Coffee, Coffee Beans, Whole Bean, Instant Coffee, Via, Coffee Drinks, Caffe, Caffe Latte, Latte, Mocha, Macchiato, Espresso, Expresso, Espreso, Iced Coffee, Drip Coffee, Brewed Coffee, Coffee at home, Home page, Home, Loyalty Program, Rewards, Sign up, Starbucks app, Coffee, Drinks, Food, Card, Menu, Find a Store, Store Locator, Responsibility, Shop, Starbucks Mobile Apps, Starbucks Drinks, Starbucks Food, Healthy Breakfast Options, Starbucks Rewards Program, Loyalty Program, Coffee Discount Card","Since 1971, Starbucks Coffee Company has been committed to ethically sourcing and roasting the highest quality arabica coffee on the planet.  The company is the premier roaster and retailer of specialty coffee in the world,hand -crafting artisan coffee in our stores around the globe.",starbucks
thepantry.com,Pantry,,,KrooExpress
nvrinc.com,NVR,"nvr, nvrinc, nvr inc","NVR, Inc. operates in two business segments: homebuilding and mortgage banking. The homebuilding unit sells and constructs homes under the Ryan Homes, NVHomes, and Fox Ridge Homes trade names.",NVHomes1979
sonoco.com,Sonoco Products,"Sonoco, Sonoco Products Company, packaging, packaging services, sustainability, environmental stewardship, tubes and cores, Sonotube, composite cans, rigid paper packaging","Sonoco is a global provider of packaging products and services, delivering innovative solutions to industrial and consumer businesses.",sonoco_products
mandtbank.com,M & T Bank Corp.,"bank savings accounts, bank checking accounts, open savings account, open checking account",,mandt_bank
czn.com,Citizens Communications,"high-speed internet, dsl,  tv, fios tv, cable, internet, dish TV,  wifi, phone service, internet service, dsl internet, Frontier Telephone, local telephone service, long distance, internet, dial-up internet, frontiernet, high speed, dish, satellite TV, CZN, FTR, Frontier, Citizens, Citizens Communications, Citizens Communications Company, Frontier Communications","Frontier offers many bundles so you can choose the internet, TV, and phone services that are right for you.",FrontierCorp
nicor.com,Nicor,"nicor gas, natural gas rates, natural gas plans, natural gas service, natural gas providers, pay your gas bill, natural gas pipes, pipe replacement, gas services, gas products, gas appliances, read meter, gas safety, dig safely, natural gas benefits, ",,Nicor_Gas
agcocorp.com,AGCO,,"AGCO is a global leader in the design, manufacture and distribution of agricultural equipment. Through brands like Challenger®, Fendt®, GSI®, Massey Ferguson® and Valtra®, AGCO delivers agricultural solutions to farmers through a full line of tractors, combine harvesters, hay and forage equipment, seeding and tillage implements, grain storage and protein production systems, as well as replacement parts.",agcocorp
michaels.com,Michaels Stores," Michaels, Arts, Crafts, Framing, Home Decor, Floral, Seasonal Products, Kids Crafts"," Michaels is North America's largest specialty retailer of arts, crafts, framing, home décor & seasonal products for hobbyists and DIY decorators. Shop Online!",MichaelsStores
americangreetings.com,American Greetings,,"Personalize & send greeting cards your way - email, print, mobile and more! Try free today at AmericanGreetings.com",amgreetings
rd.com,"Reader's Digest Association",,"Updated daily! Get our funniest jokes, inspiring stories and useful advice on weight loss, health and more – plus subscribe at the lowest rate.",readersdigest
pepco.com,Potomac Electric Power,,,PepcoConnect
petsmart.com,PetsMart,"petsmart, pets mart, pet supplies, pet products, pet accessories, pet supply, pet store, pet stores, pet shop, pet shops","Get the best pet supplies to care for your pet. PetSmart offers quality pet products and accessories for a healthier, happier pet.",petsmart
alberto.com,Alberto-Culver,,"At Unilever we meet everyday needs for nutrition, hygiene and personal care with brands that help people feel good, look good and get more out of life.",Unilever
sabre.com,Sabre Holdings,"Travel,GDS,Travelocity,Sabre Travel Network, Sabre Airline Solutions, Sabre Hospitality Solutions, Air, Hotel, Transportation","Sabre is a global technology company. Our innovative technology is used by more than a billion people around the world to plan, book and get to their destination at a time and price that’s right for them.",Sabre_Corp
mandalayresortgroup.com,Mandalay Resort Group,"mgm mirage, las vegas, hotels,  resorts, spa, entertainment, dining, players club","MGM Resorts International is a collection of resort-casinos, residential living and retail developments providing unsurpassed service and amenities to every guest.",MGMResortsIntl
firsttennessee.com,First Tennessee National Corp.,"Banking, Borrowing, Insuring, Investing, Planning, Checking, Savings; First Tennessee Bank, 1st TN bank, banking online, login, online banking, checking, savings, bank accounts, loans, lending, auto, home, insurance; Nashville, Memphis, Chattanooga, Johnson City, Knoxville","First Tennessee Bank is the area' s leading choice for personal and business banking. From lending and planning to checking and savings, we can help you reach your goals. And we offer the most advanced mobile and online banking experience available. Log in today.",firsttennessee
rhi.com,Robert Half International,"staffing agencies, employment agencies, job search","Premier among staffing agencies, Robert Half is dedicated to providing you professional staffing services in a variety of job markets. Learn more today.",roberthalf
huntington.com,Huntington Bancshares,,,Huntington_Bank
coat.com,Burlington Coat Factory,"coats, jackets","Shop for coats and jackets at Burlington. Find the latest styles in coats for women, men, juniors, kids, and baby.",Burlington
washingtonpost.com,Washington Post,"washington d.c. news,dc news,virginia news,maryland news,breaking news video,photos,world news,local news,national news,us news,foreign news,dc traffic;dc weather,Obama,government,federal government,White House,dc sports,politics,politics news,political news,political opinion,environment,economy,technology,education,travel,dc,virginia,Maryland,washington post","Breaking news and analysis on politics, business, world national news, entertainment more. In-depth DC, Virginia, Maryland news coverage including traffic, weather, crime, education, restaurant reviews and more.",intent
erieinsurance.com,Erie Insurance Group,insurance auto quote car home homeowners life business award winning customer service,"Erie Insurance offers you great prices, practical advice, superb coverage and unrivaled service. Get an auto, home, life or business insurance quote today. ",erie_insurance
wendys.com,"Wendy's International",,"Wendy's® is the real choice in fast food. We deliver quality fresh food with real ingredients that provide the best tasting fast food at wendys.com.",share
lpcorp.com,Louisiana-Pacific,,,lpcorp
ecolab.com,Ecolab,,,Ecolab
bwauto.com,BorgWarner,,,home?status=BorgWarner+-+Home:+http%3a%2f%2fwww.borgwarner.com%2fen%2fdefault.aspx
weatherford.com,Weatherford International,"Weatherford, weatherford international, weatherford oil and gas, ","Weatherford is an oil and gas service company with a presence in every major oil and gas region of the world. Our business is helping our clients to safely and sustainably find, drill, complete, and produce oil and gas fields. Our innovative technologies, products, and services drive down the cost and increase the recovery of oil and gas.",weatherfordcorp
convergys.com,Convergys,,"Convergys is a world-class customer management firm made up of 125,000 employees working in more than 150 service centers and 31 countries.",Convergys
valuecity.com,Value City,"ValueCityFurniture.com, Value City Furniture, VCF, VCF.com, furniture, buy furniture online, furniture stores, home furnishings, bedroom, living room, dining room, mattresses, children’s furniture, entertainment centers, couches, futons, recliners, computer desks, accents, area rugs, chairs, casual dining, home decor","Guaranteed Everyday Low Price on Furniture - Save on Beds, Bedrooms, Mattresses, Living Rooms, Dining Rooms, Chairs, Sectionals, Couches and Sofas at VCF.",valuecityfurn
kellwood.com,Kellwood,"apparel manufacturer, fashion manufacturer","Kellwood Company is one of the leading apparel manufacturers in the United States, providing great fashion
for over 50 years. ",kellwoodcompany
belk.com,Belk,"Belk, women's apparel, men's apparel, juniors' apparel, kids' apparel, Belk Wedding Registry, belk.com, women's shoes, men's shoes, kids' shoes, women's accessories, men's accessories, kids accessories, cosmetics, home products","belk.com is the official Belk online retail website. Belk is a leading retail department store offering the latest in women's, men's, juniors' and kids' apparel",belk
analog.com,Analog Devices,check,"Analog Devices is a world leader in the design and manufacture of analog, mixed-signal, and DSP integrated circuits used in all types of electronic equipment.",adi_news
wholefoods.com,Whole Foods Market,,"Are you hungry for better? When it comes to what we put in and on our bodies, Whole Foods Market® believes the full story of those products is important as we make our choices. Join us as we encourage others to celebrate what the Earth gives us with respect, purpose and joy.",wholefoods
lazboy.com,La-Z-Boy,,"Home of La-Z-Boy furniture. Find a local furniture store or shop online for durable and stylish living room essentials such as reclining sofas, leather chairs, sectionals and more. View company information, product details and the latest promotions.",lazboy
hermanmiller.com,Herman Miller,,,hermanmiller
drivebudget.com,Budget Group,"car rentals, automobile rental, rent car, discount car rental, budget","Car rentals including sedans, trucks, SUV's and more from Budget.",budget
bjservices.com,BJ Services,,Home,BHInc
tellabs.com,Tellabs,,Tellabs helps customers connect through our optical network technologies. Access for today. Connected for tomorrow.,Tellabs
pepboys.com,"Pep Boys-Manny, Moe & Jack","car parts, auto parts stores, car repair, auto accessories, car maintenance","Find car parts, auto accessories & car repair services. Pep Boys auto parts stores make following your car’s maintenance plan simple.",pepboysauto?iCID=footer_footer-main-7_stay-connected_12-4-2014_twitter_pepboys-twitter_image_NA
cintas.com,Cintas,,-,CintasCorp
alaskaair.com,Alaska Air Group,"airline tickets, low airfare, low airfares, discount flight, discount flights, Alaska airlines, airplane tickets, cheap airfare, Hawaii vacations, cheap airfares, discount airfare, alaskan airlines, alaskaair, alaskaair com, alaskaairline, alaska airlines goldstreak, Alaska airlines arrivals, Alaska airlines boarding pass, Alaska airlines cargo, Alaska airlines carry on, Alaska airlines mileage partners","At Alaska Airlines, we offer low airfare on all airline tickets — including discounted flights to Hawaii and Mexican vacation packages. We bring our love of travel on board with us, so that we can share it with you. Book a trip on Alaska today.",alaskaair
outback.com,Outback Steakhouse,"dinner, steakhouse, outback, outback steakhouse, steak, steak house, restaurant, gift card,  Kevin, Harvick, NASCAR, Stewart-Haas, Bloomin' Onion, Free, 39","Enjoy the bold, fresh flavors of the Outback. Join us tonight for steak, seafood, salads and our famous Aussie-Tizers like the Bloomin Onion'.",outback
richmondamerican.com,MDC Holdings,"find new homes, find new home, search new homes, find new community, find new communities, search new community, search new communities, find quick move in home, find quick move in homes, search quick move in home, search quick move in homes, new homes for sale, home search","Conveniently explore new homes and communities from one of the nation's leading home builders. Search new houses by price, square footage, floor plan and more.",RAHomes
centurytel.com,CenturyTel,"CenturyLink, Qwest, official site, local provider, high speed internet, phone, mobile, tv services","At CenturyLink's official site, find a reliable local provider of high speed internet, phone and TV services to homes as well as large and small businesses. See services available and the latest offers. Qwest is now CenturyLink.",centurylink
national.com,National Semiconductor,"Texas Instruments, TI, analog, semiconductor, digital, signal processor, DSP, microcontroller, MCU, embedded, application, processing","TI is a global semiconductor design & manufacturing company. Innovate with 80,000+ analog ICs & embedded processors, software & largest sales/support staff.",txinstruments
swifttrans.com,Swift Transportation,"Swift Transportation, Swift Trans, Swift Trucking, Canada services, Convention services, Dedicated fleet, Dry van, dry van carrier, Equipment leasing, Equipment sales, Expedited shipping, Flatbed, Heavy haul, Intermodal, intermodal services, Intermodal Transport, Logistics, logistics company, logistics management, refrigerated trucking, refrigerated, refrigerated carrier, Regional trucking, Trans Mex, Transcontinental shipping, Transcontinental trucking",,SwiftTransport
cunamutual.com,CUNA Mutual Group,"cuna, mutual, group",Home page summary,cunamutualgroup
mony.com,MONY Group,,,axa_us
jbhunt.com,J.B. Hunt Transport Services,"solutions,dedicated,expedited,final mile,home delivery,flatbed,heavy haul,intermodal,less than truckload,ltl,refrigerated,3pl,third party logistics,brokerage,truckload,warehousing,jbhunt,jb,hunt,j.b.,transport,transportation",Logistics management services and integrated transportation solutions to major corporations.,jbhunt360
insight.com,Insight Enterprises,,"Insight is a leading provider of hardware, software, cloud solutions and IT services to business, government, education and healthcare clients. Learn more.
",InsightEnt
synovus.com,Synovus Financial Corp.,,Synovus is a group of 28 local community banks operating as one. We are – and always have been – a place where business is personal.,synovus
americawest.com,America West Holdings,"airline tickets, book flights online, airfares, deal, travel, fares, cheap, discount, American Airlines","American Airlines has airline tickets, cheap flights, vacation packages and American Airlines AAdvantage bonus mile offers at AA.com",americanair
shopsimon.com,Simon Property Group,"Simon Malls,Gift Cards,Shopping Malls,Outlet Malls,Store Coupons","Simon Malls is the brand behind the brands you love. Locate your nearest shopping malls, outlet malls, and favorite stores. Purchase Simon Giftcards online to redeem almost anywhere, discover money saving coupons, and more.",shopsimon
njresources.com,New Jersey Resources,,,NJNaturalGas
storagetek.com,Storage Technology,,,oracle
compuware.com,Compuware,,Highly innovative mainframe application development and performance optimization solutions that drive business value with system z software.,compuware
weismarkets.com,Weis Markets,,,WeisMarkets
dollartree.com,Dollar Tree Stores,"bulk dollar tree orders, dollar tree bulk orders, dollar tree merchandise, bulk dollar tree merchandise, bulk dollar tree supplies, bulk dollar tree products
","Buy bulk Dollar Tree products!  Perfect for restaurants, businesses, schools, churches, party planners & anyone looking for quality supplies in bulk!  ",dollartree
protective.com,Protective Life,,,ProtectiveLife
cbrlgroup.com,CBRL Group,,,crackerbarrel
westerndigital.com,Western Digital,"WD, western digital, External hard drive, hard drive, hard drives, internal hard drive, external portable drive hard drive, SATA, Serial ATA, hard disk drive, hard disks, harddrive, external hard drive, enterprise hard drive, enterprise storage, FireWire, USB, laptop hard drive, USB hard drive, harddrive, personal cloud, wd hard drive, storage, IDE, drive, hdd, nas drive, nas hard drive, NAS, NAS hdd, network hard drive, network storage, surveillance, security, tv media player, tv streaming, tv stream, video streaming, stream tv, my cloud, cloud storage",WD® a long-time leader in hard drive technology designs and manufactures the #1 selling internal and external hard drives and award-winning media players and network drives,westerndigital
ingles-markets.com,Ingles Markets,"grocery stores,grocery,groceries,supermarket,pharmacy,rift,pharmacies,was,deli,here,bakery,ingles,food,store,ad,laura lynn,floral,food store,dietitian,pet,cleaning,video,coupons,nutrition,nutritional information,contest,sweepstakes","The Ingles web site contains information about Ingles Markets including: nutrition articles, store locations, current ads, special promotions, contest winners, store history, press releases, contest rules and regulations, recipes and contact information",InglesAdvantage
wrbc.com,W.R. Berkley,,Home,WRBerkleyCorp
tatravelcenters.com,TravelCenters of America,,,TATravelCenters
sungard.com,SunGard Data Systems,,SunGard provides leading financial software solutions & services to institutions in every segment of the financial services industry. Find your solution here today.,SunGard
caseys.com,"Casey's General Stores",,"Casey's customers have come to know that inside each store they will find dedicated, helpful, and well-trained employees, exceptional prepared food items, and a clean environment in which to shop.",CaseysGenStore
safeguard.com,Safeguard Scientifics,,Growth capital provider for healthcare and technology companies.,Safeguard
brown-forman.com,Brown-Forman,,,BrownFormanJobs 
ch2m.com,CH2M Hill,,,intent
valspar.com,Valspar,,,Valspar
flowserve.com,Flowserve,,,flowserve
compassweb.com,Compass Bancshares,BBVA Compass,,bbvacompass
fiserv.com,Fiserv,,,fiserv
marsh.net,Marsh Supermarkets,,"Welcome to the official website for Marsh Supermarkets. Here you can find printable coupons, recipes, our weekly ad, and even digital coupons.",MarshGrocery
magellanhealth.com,Magellan Health Services,"Magellan Health, Magellan, Health, healthcare, rx management, complete care, NIA,",Magellan Healthcare offers A unique vision of better and more affordable care for individuals with the greatest health care needs.,MagellanHealth
sgi.com,Silicon Graphics,"SGI, Technical Computing, High Performance Computing, HPC, Servers, Storage, Big Data, compute, data management, data analytics","SGI is a global leader in High Performance Solutions for Compute, Data Analytics, and Data Management that enable our customers to accelerate time to discovery, innovation, and profitability.",sgi_corp
lubrizol.com,Lubrizol,,,share?url=http:
jackinthebox.com,Jack in the Box,"jack in the box, fast food, menu, nutrition, careers, jackinthebox, jack, restaurant, locations, burgers, fries, tacos","Jack in the Box is among the nation's leading fast-food hamburger chains, with more than 2,200 quick-serve restaurants in 21 states.",JackBox
worthingtonindustries.com,Worthington Industries,,"We are an industrial metals manufacturer. With our people-first philosophy, we provide materials processing and manufacturing capabilities.",WorthingtonInds
lnt.com,"Linens'n Things","Bedding Sets, Queen Bedding, King Bedding, Laura Ashley Bedding, Comforters, Down Comforters, Dorm Bedding, Sheet sets, Linens, Home decor, Duvet covers, Twin XL sheets, Queen comforter sets, King comforter sets, Bed in a bag, Kitchen, Organization and storage, Bedskirts, Shower curtain, Zebra, Wall art, Shower caddy, Bamboo, Quilts, Teen bedding, Slip covers and things.","Shop our Wide Selection of Bedding, Bath, Lighting, Furniture, Outdoor, Back to School and More.  Plus Get Free Shipping on All Orders!",Linens_N_Things
uhaul.com,Amerco,,"The first choice for rental trucks, trailers, cargo vans and U-Box moving & storage containers. Offering self-storage, boxes, moving supplies, hitches & propane.",uhaul
mcleodusa.com,McLeodUSA,,"Windstream Business is a leading provider of IP-based voice and data, MPLS networking, data center, cloud computing and managed hosting services and systems.",windstream?cm_sp=SocialMasthead-_-Twitter-_-NA
rentacenter.com,Rent A Center,,,rentacenter
kennametal.com,Kennametal,,,kennametal
beazer.com,Beazer Homes USA,"Beazer, homes, construction, builder","One of the nation's largest homebuilders, Beazer Homes builds easily personalized homes that set the industry standard for energy efficiency and personalization",beazerhomes 
diebold.com,Diebold,,Diebold partners with customers to create unique solutions that solve complex business issues.,DieboldInc
scotts.com,Scotts Company,"lawn care, lawn care tips, lawn care information, lawn care products, scotts",Discover useful lawn care tips & information from experts in the space. Find the right lawn solutions & products for your grass needs from Scotts.com.,ScottsLawnCare
natoil.com,National Oilwell,,,NOVGlobal
khov.com,Hovnanian Enterprises,,K. Hovnanian® Homes® is a national new home builder that has been committed to excellence since 1959.  Find your new home today!,khov
southernstates.com,Southern States Coop.,"farm supply, farm supplies, farm equipment, horse supplies, grass seeds, vegetable seeds, southern states","The highest quality farm supplies, agricultural services, and expert advice for farmers of all types. No matter the size of your farm, we have the products, services, and expertise to help you farm successfully.",SouthernStates
paychex.com,Paychex,,,Paychex
harman.com,Harman Intl. Industries,,,harman
concordefs.com,Concord EFS,,Meet the complete family of First Data solutions that free you to focus on what you love.,FirstData
cabot-corp.com,Cabot,"Cabot Corporation, Cabot Corp, Cabot, carbon black, cesium formate brine, activated carbon, aerogel, fine cesium chemicals, fumed metal oxides, graphenes, inkjet colorants, masterbatches, conductive compounds, cabot labs, Specialty Chemicals, Performance Materials","Cabot Corporation (NYSE: CBT) is a leading global specialty chemicals and performance materials company headquartered in Boston, Massachusetts, USA. Our businesses deliver a broad range of products and solutions to customers in every corner of the globe, serving key industries such as transportation, infrastructure, environment and consumer.",CabotCorp
energizer.com,Energizer Holdings,,"Find Batteries in all sizes, flashlights, battery chargers, supplemental power and other lighting products.  Energizer: that’s positivenergy!™",energizer
xilinx.com,Xilinx,,,XilinxInc
expeditors.com,Expeditors Intl of Washington,,"Expeditors is a global
logistics company headquartered in Seattle, Washington. The company employs
trained professionals  seamless worldwide network through an integrated
information management system.",EXPDNewsflash
flowersfoods.com,Flowers Foods,,,flowersfoods
quintiles.com,Quintiles Transnational,,"Learn how Quintiles can improve your probability of success by driving predictable and effective delivery for clinical, commercial, and real-world value.",quintiles
perkinelmer.com,PerkinElmer,"PerkinElmer, For The Better, Home, Science, Environmental, Life Sciences","PerkinElmer helps scientists, clinicians, and lab professionals accelerate their science through its innovative detection, imaging, services, and informatics solutions.",PerkinElmer
joann.com,Jo Ann Stores," crafts, craft stores, fabric store, online craft store","Shop the largest assortment of fabric, sewing, quilting, scrapbooking, knitting, crochet, jewelry and other crafts under one roof at Jo-Ann Fabric & Craft Stores. Our online craft store is your source for all your creative needs.",JoAnn_Stores
landsend.com,"Lands' End",,"Find great values on fall apparel, accessories & home goods at Landsend.com. Shop stylish women's & men's clothing, bedding, kids' clothes & school uniforms",LandsEnd
imperialsugar.com,Imperial Sugar,"Recipes, coupons, contests, win free stuff, Imperial Sugar Company","Imperial Sugar, high-quality pure cane sugar and sweeteners since 1843. Visit us for recipes, sugar products, coupons, baking tips, kid craft ideas, celebration tips, videos and newsletters.",imperialsugar
championhomes.net,Champion Enterprises,"manufactured homes, modular homes, mobile homes, mobile home builders, modular home builders","View floor plans and photos of quality manufactured, modular and mobile homes by Champion. Find a Champion Homes retailer near you.",Champion_Homes
comfortsystemsusa.com,Comfort Systems USA,"your, default, keywords, here",Your default description here,ComfortUSA
leggmason.com,Legg Mason,,"Legg Mason, through its group of investment affiliates manages mutual funds, closed-end funds, managed accounts and alternative investments for individuals, institutions and financial professionals across the globe.",leggmason
level3.com,Level 3 Communications,,"Global network company focused on managed security, network, voice and data services. | Access all your needed network services via on provider. ",Level3
rge.com,RGS Energy Group,,,RGandE
lamrc.com,Lam Research,,,lamresearch
amkor.com,Amkor Technology,"amkor, amkor technology, system in package, unitive, wafer bump, wafer bumps, flip chip, amkor packaging, wafer level pacakaging, package on package, PoP","Amkor Technology is the world's leading supplier of outsourced semiconductor interconnect services. With over 35 years of continuous improvement, growth and innovation, Amkor has become a trusted partner for most of the world’s leading semiconductor suppliers.",amkortechnology
delmonte.com,Del Monte Foods,,America’s choice for garden quality fruits and vegetables.,DelMonte
mercuryinsurance.com,Mercury General,"Auto insurance, Auto insurance company, Car insurance, Car insurance company, Car insurance quotes","Auto. Home. Business. Save money and get great service with Mercury, too! Get a quote now.",MercuryIns
banknorth.com,Banknorth Group,,"TD Bank, America's Most Convenient Bank® is one of the 10 largest banks in the U.S., with approximately 26,000 employees and deep roots in the community dating back more than 150 years. The Bank offers a broad array of retail, small business and commercial banking products and services to more than 8 million customers through its extensive network of approximately 1,300 convenient locations throughout the Northeast, Mid-Atlantic, Metro D.C., the Carolinas and Florida.",TDBank_US
bmc.com,BMC Software,,"Transform your digital enterprise with BMC IT solutions. From mainframe to cloud to mobile, we’ll help you drive innovation and industrial efficiency.",bmcsoftware
veritas.com,Veritas Software,,"Veritas enables organizations to harness the power of their information, with solutions designed to serve the world’s largest and most complex heterogeneous environments.",veritastechllc
archcoal.com,Arch Coal,Arch Coal ACI Energy,"Arch Coal (ACI) is the second largest U.S. coal producer. Through our national network of mines, we contribute 16% of America's annual coal supply. We strive to operate the world's safest and most responsible low-sulfur, clean coal mines.",archcoal
gencorp.com,GenCorp,,,AerojetRdyne
atmel.com,Atmel,"microcontroller, touch, sensor, avr, arduino, ARM, studio 6, embedded designs, automotive, industrial, mobile, security, crypto, mcu, 8051, cortex, low power, efficient, wireless, medical, metering, app store, spaces, gallery, library, C, C++, assembly code, consumer","Atmel is a leading manufacturer of microcontrollers and touch technology semiconductors for mobile, automotive, industrial, smart energy, lighting, consumer and home appliance markets.",Atmel
aimco.com,AIMCO,,"View and apply for career opportunities at Aimco, pay your rent or submit service requests, search for apartments and learn more about our business.",AimcoApts
scripps.com,E.W. Scripps,"The E.W. Scripps Company, Journal Communications, Newsy, Weathersphere, The List, Let's Ask America, Scripps National Spelling Bee",The E.W. Scripps Company serves audiences and businesses through a growing portfolio of media brands. ,EWScrippsCo
symbol.com,Symbol Technologies,,"Zebra builds tracking technology and solutions that generate actionable information and insight, giving companies unprecedented visibility into their businesses by giving physical things a digital voice.",zebratechnology
atmosenergy.com,Atmos Energy,,,atmosenergy
teradyne.com,Teradyne,,"Teradyne (NYSE:TER) is a leading supplier of Automatic Test Equipment used to test semiconductors, wireless products, data storage and complex electronic systems which serve consumer, communications, industrial and government customers. ",teradyneinc
amwater.com,American Water Works,"Founded in 1886, American Water (NYSE: AWK)is the largest investor-owned U.S. water and wastewater utility company.  With headquarters in Voorhees, N.J., the company employs nearly 7,000 dedicated professionals who provide drinking water, wastewater and other related services to approximately 15.6 million people in 32 states and Ontario, Canada.","Founded in 1886, American Water (NYSE: AWK)is the largest investor-owned U.S. water and wastewater utility company.  With headquarters in Voorhees, N.J., the company employs nearly 7,000 dedicated professionals who provide drinking water, wastewater and other related services to approximately 15.6 million people in 32 states and Ontario, Canada.",amwater
cskauto.com,CSK Auto,,"Better parts... better prices, everyday on auto parts and accessories. Plus find a store, check out our current ad, get information on racing events, contact us, and more.",OReillyAuto
pvh.com,Phillips-Van Heusen,,,arrow1851
cadence.com,Cadence Design Systems,Cadence,"Top EDA vendor. Industry-leading EDA software and custom IC design. IC, PCB, and SOC design tools, verification and more. Explore Cadence Design Systems!",cadence
sportsauthority.com,Sports Authority,"Sports Authority, Sporting Goods, Sports Store, Sport Stores, Sports Stores, Sports Equipment, Fitness Equipment, Exercise Equipment, Fitness, Apparel, Footwear, Shoes, Team Sports, Action Sports, Golf, Racquet, Games, Fan Shop, Outdoors, Outlet, Sports
","Sports Authority - the nation's preeminent full-line sporting goods chain. Shop online or in-store for your favorite brands - Nike, Under Armour, The North Face, Bowflex, Schwinn, Lifetime and more.
",SportsAuthority
pier1.com,Pier 1 Imports,"Unique Home Décor, Furniture, Gifts, and More","Find What Speaks to You with Worldly Inspired Home Décor, Wall Art, Furniture, Gifts, and Much More from Pier 1 Imports.",Pier1
kemet.com,Kemet,,,KEMETCapacitors
burlington.com,Burlington Industries,,,burlington1923
dreyersinc.com,"Dreyer's Grand Ice Cream",,,nestleusa
ssss.com,Stewart & Stevenson Services,"hydraulic fracturing, well stimulation, workover, intervention and drilling operations, pumping, acidizing, coiled tubing, cementing and nitrogen units, drilling rigs and workover rigs, power generation systems, electrical support, engines, transmissions, material handling equipment","Stewart & Stevenson is a leading designer, manufacturer and provider of specialized equipment and aftermarket parts and service for the oil and gas and other industries that we have served for over 100 years. google-site-verification: google210ecef364a8a6ad.html",SNSintl
swgas.com,Southwest Gas,,,swgas
nrucfc.org,National Rural Utilities Cooperative,,"The National Rural Utilities Cooperative Finance Corporation (CFC) provides financial and business management services to its approximately 1,000 electric cooperative distribution and power supply members/owners across the U.S.",coopfinancecorp
twec.com,Trans World Entertainment,,"Trans World Entertainment Corporation is a leading specialty retailer of entertainment products, including video, music, trend, electronics, video games and related products.",officialfye
ae.com,American Eagle Outfitters,,"Shop American Eagle Outfitters for men's and women's jeans, T's, shoes and more. All styles are available in additional sizes only at ae.com",aeo?navdetail=footer:c3:p9
nvidia.com,Nvidia,"nvidia, visual computing, geforce, quadro, tesla, nforce, tegra, high performance computing, hpc, sli, gpu, gpgpu, video cards, graphics cards, graphics processor units, video, gaming, mobile phones, notebooks, workstation, desktops, laptops","Visual computing technology from NVIDIA: inventor of the GPU, which creates interactive graphics on laptops, workstations, mobile devices, notebooks, PCs, and more.",nvidia
gemstartvguide.com,Gemstar-TV Guide International,,"See how Rovi's innovative digital entertainment technology solutions help millions of people around the world connect to the entertainment they love.",RoviCorp
abercrombie.com,Abercrombie & Fitch,Abercrombie & Fitch,"Casual, All-American clothing with laidback sophistication. Shop jeans, tees, dresses, skirts, sweaters, outerwear, fragrance & accessories.",abercrombie
novellus.com,Novellus Systems,,,lamresearch
imshealth.com,IMS Health,,,intent
cartech.com,Carpenter Technology,,,CarpenterTech
ea.com,Electronic Arts,,"Browse and buy Electronic Arts games, play free games, or watch trailers for EA games like Madden NFL, The Sims, Battlefield, Need For Speed and more!",share
revlon.com,Revlon,,"Discover all Revlon cosmetics for eyes, lips, and face. Find haircolor, nail products, and beauty tools in one place.",revlon
steinmart.com,Stein Mart,Stein Mart,"Discount Clothing, Accessories & Housewares. Find Great Everyday Values at Discount Prices From Stein Mart.",steinmart
hubgroup.com,Hub Group,,,hubgroup
briggsandstratton.com,Briggs & Stratton,,"Briggs & Stratton powers 8/10 US lawn mower brands. Learn more about  small engines and shop for Briggs engine parts, generators & outdoor power products.",briggsstratton
dnb.com,Dun & Bradstreet,,,dnbus
anntaylor.com,AnnTaylor,,"Ann Taylor offers high quality, chic women's clothing including women's suits, dresses, bridesmaid dresses, blouses, women's pants, sweaters, skirts, cashmere, denim, accessories, petites, tall sizes and more. Shop online or in one of over 300 stores.",AnnTaylor
boh.com,Pacific Century Financial,"bank of hawaii, personal, small business, corporate & commercial, wealth management, international banking, customer service, about us","Founded in 1897, Bank of Hawaii is the largest independent financial institution in Hawaii. Bank of Hawaii Corporation is a regional financial services company serving businesses, consumers and governments in Hawaii, American Samoa and the West Pacific.",bankofhawaii
dlx.com,Deluxe,,"Shoutlet, a Spredfast company, is an enterprise-class, cloud-based social marketing platform that empowers brands to build meaningful customer relationships that drive real value.",shoutlet
menswearhouse.com,"Men's Wearhouse","mens clothing, clothing for men, mens dress shoes, mens dress shirts, dress shoes, dress shirts, suits, tuxedos, tux, sport coats, ties, accessories, formalwear, mens wearhouse, menswearhouse.com","Find the best men's clothing-including men's suits, dress shirts, ties, shoes, slacks, sport coats, tuxedos and casual clothing-at MensWearhouse.com.",menswearhouse
stewart.com,Stewart Information Services,",",,StewartTitleCo
werner.com,Werner Enterprises,"trucking, freight transportation, werner, Supply Chain Management, Carriers, Freight Management, Solutions, Drivers, Transportation Solutions, Global Logistics, Trucking","Werner Enterprises is a global transportation provider of freight management and supply chain solutions, specializing in: van, flatbed, temperature controlled, LTL, expedited, air and ocean transportation.",one_Werner
varco.com,Varco International,,,NOVGlobal
amica.com,Amica Mutual Insurance,,,Amica
milacron.com,Milacron,,Our power to engineer solutions is the result of combining local expertise with a global team of the best that the industry has to offer across three,milacron
intuit.com,Intuit,,"Start your small business with QuickBooks accounting and financial software from Intuit. Tackle tax, budgets and personal finance with TurboTax, Quicken and Mint.",Intuit
kimball.com,Kimball International,,,Kimball_Intl
xo.com,XO Communications,,,xocomm
earthlink.net,EarthLink,"EarthLink, Earth Link, ISP, national isp, internet service, internet provider, internet access, reliable internet, award-winning internet, internet connections, dialup internet, dial up internet service, reliable dial up internet, low cost dial up internet, high speed internet service, high speed ISP, high speed connections, broadband internet, broadband isp, broadband provider, dsl internet, dsl provider, dsl access, dsl isp, dsl connections, freestanding dsl, cable internet, cable internet provider, cable internet access, cable internet connections, satellite internet, satellite internet isp, satellite internet connections, bundles, bundle savings, web hosting, website hosting, web hosting provider, website hosting provider, low cost web hosting, e-commerce hosting, e-commerce websites, domain names, domain registration, domain parking, email domains, domain name email, small business web hosting, small biz web hosting, free web builder, free site builder, free website builder, free security, free security suite, all-in-one security, security software, member benefits, customer satisfaction, customer support, expert support, toll-free support","Get reliable, low-cost dial-up Internet service, high-speed broadband Internet access, Web hosting & more. Connect with us for savings, support & satisfaction!",earthlink
ceridian.com,Ceridian,,"Ceridian delivers innovative technology and trusted results in human resources, payroll, employee benefits and wellness to help you transform human capital management in your business.",ceridian
watsco.com,Watsco,,,WatscoInc
foamex.com,Foamex International,,"FXI is a leading producer of foam innovation for the Home, Healthcare, Electronics, Industrial, Personal Care and Transportation Markets.",FXI_MediaPA
cmgi.com,CMGI,,,ModusLink
tek.com,Tektronix,,Tektronix has over 60 years of experience designing Test and Measurement equipment. Learn about our industry-leading Test and Measurement tools.,tektronix
genzyme.com,Genzyme,,,GenzymeCorp
genuity.com,Genuity,,"Genuity® is a seed science brand that develops technologies that protect corn, soybean, cotton and specialty crops from insects, weeds, drought and other stresses.",genuitytraits?lang=en
ggc.com,Georgia Gulf,,,axiallcorp
igt.com,International Game Technology,,,igtnews
sealy.com,Sealy,,,Sealy
stdreg.com,Standard Register,,"Standard Register is a leading North American supplier of integrated communications to healthcare, financial services, manufacturing and retail companies. ",SR_Corporate
goodysonline.com,"Goody's Family Clothing","Peebles,bealls,goodys,stage,palais royal,Department Stores","Shop now for great deals on brand name clothing, shoes, accessories & gifts for men, women & kids! Stage, Bealls, Peebles, Palais Royal & Goody's official store.",shopstagestores
timberland.com,Timberland,,"Shop Timberland boots, shoes, clothing & accessories at our official US online store today.",Timberland
ams.com,American Management Systems,,"ams a global leader in the design and manufacture of sensors, sensor interfaces, power management and wireless ICs for the consumer, industrial, medical, mobile communications and automotive markets",amsAnalog
pcconnection.com,PC Connection,,,pcconnection